,pathway,0,1,2,3,4,5,6,7,8,9,10,11,12,13,14,15,16,17,18,19,20,21,22,23,24,25,26,27,28,29,30,31,32,33,34
0,HALLMARK_TNFA_SIGNALING_VIA_NFKB,-1.803179737337561e-05,-9.940311256364381e-06,-8.076835785885902e-06,-1.609791806226127e-05,-9.105488248722406e-06,1.4014516018360547e-06,-6.870874794439978e-06,-4.945712270391575e-05,-8.051500394725894e-07,-1.3223130168896202e-05,-3.690878782559859e-05,0.00013137173780537227,-7.335303511478777e-06,-3.2892344501069676e-06,-1.7206512253766827e-05,1.2638124180632503e-05,-1.4697472813466478e-06,-8.460771387656073e-06,-8.961616755499141e-07,1.841055261451313e-05,-2.865661762860988e-06,-9.896014498955979e-07,1.7666536277903978e-07,1.0481490691919074e-06,2.4994283814873917e-05,3.470880731093473e-05,-2.9349921317770034e-05,2.390425470599625e-06,7.18705934553204e-06,7.853426140414128e-08,1.0981926079316282e-05,-8.929003864294269e-07,-2.177579221571222e-06,-1.4315134022852645e-06,-2.855311139585598e-07
1,HALLMARK_HYPOXIA,2.1536058340092257e-05,3.550532456323384e-05,-3.881872870785917e-06,-8.748064452376858e-06,-5.144397736184594e-06,5.194814490326995e-05,-3.1283034518342183e-06,-4.7479265401884074e-05,2.1729948493443355e-06,-1.5845911200405502e-05,-1.6501291243805477e-05,-2.0147793929736063e-06,-6.9547801363053705e-06,-2.3301433324761367e-06,-1.335173384575672e-05,1.2236447850768727e-05,-1.1665999323734553e-06,-5.7433821123477335e-06,8.967887547032746e-07,4.66570271964728e-06,-5.612419718155955e-06,1.1634389423967415e-05,1.1987703937714521e-06,-1.2123842438845414e-06,-4.394260310421234e-06,9.843413326111015e-06,-2.288409296260542e-05,1.2592393973891018e-05,-1.5491172447217386e-06,-8.43229121145117e-07,6.92022986670867e-06,-4.2787939689634125e-07,-1.4821797631310541e-06,-9.151563043886899e-09,-3.210556875797365e-07
2,HALLMARK_CHOLESTEROL_HOMEOSTASIS,5.674504065248526e-05,-4.538073253063449e-06,4.461703481718933e-06,-6.214548762579694e-06,-3.130408337041757e-06,-4.4026243003559076e-07,-1.6832433626405227e-06,-2.5283315951682428e-05,3.38864872326157e-05,-1.3871286687727746e-05,-1.512133587002959e-05,-7.102468456324229e-06,7.339925650862687e-07,-3.6524356681732345e-07,-5.9394840663876125e-06,-5.885113979939814e-07,-1.7476135495237636e-06,-8.219351461751477e-07,-6.311471656998344e-07,3.090928182160335e-06,-3.1393258682205216e-07,-1.328070140751373e-06,4.342613743694057e-06,-4.81404094014419e-07,-4.581042519403826e-06,1.1046252551201972e-05,-1.4637337346896581e-05,-2.922974225025776e-08,-3.632755096172162e-06,-4.2220470507605464e-07,-1.0331719841553261e-07,8.043598425402877e-08,-7.270185295900344e-07,-7.835232720911534e-07,1.645182417810392e-07
3,HALLMARK_MITOTIC_SPINDLE,-2.3631192309133547e-05,-9.094297124538804e-06,-1.1181585471178347e-05,-1.0769771767184765e-05,-5.739605360112129e-06,-6.981022906998001e-06,1.128891207960057e-05,-5.136487930015518e-05,-1.132735028622732e-05,-1.4935514835624428e-05,-3.4538972091394116e-05,-3.321759575271831e-05,-7.35531067148909e-06,-9.326141674342002e-06,0.00019967935442978275,1.1432460362463884e-07,-4.092664464821951e-06,-7.826705931260336e-06,-9.167679228467337e-07,-2.578073660603787e-05,4.45167582913005e-05,-2.573975570228622e-06,7.601237191492017e-06,-5.632856537856473e-06,-1.5932959193575014e-05,-2.228989626797996e-05,-1.0036986832996989e-05,-2.6368298188234984e-06,6.919390796750018e-05,-1.4113994252948044e-06,-2.334841756790893e-06,-8.471075138821293e-07,-1.5540280579405931e-06,-9.033574794239528e-08,1.2326349621014841e-06
4,HALLMARK_WNT_BETA_CATENIN_SIGNALING,-1.5941466287607703e-05,-8.801415205455208e-06,-8.230240830821994e-06,-1.0791853727872697e-05,-3.262696821976392e-06,-4.34256770991126e-06,-5.452588471518884e-06,-1.793664407588602e-05,-7.446896606891525e-06,-1.2735635900117115e-05,-3.343118057663047e-05,-1.1652844961915557e-05,-6.810877137180052e-07,-8.205892861747922e-06,-8.719400162212308e-06,1.9676247520585347e-07,-1.0789132309139103e-06,-8.611571085073277e-06,-2.4783080541044547e-06,0.00012621384887865662,2.1437486505816554e-06,-3.011446405832034e-06,1.2563421396409894e-06,-7.280219369356581e-06,2.3667272630322617e-05,3.7892665795152825e-05,-2.245084560509314e-06,-1.222659858622166e-06,-4.209278556815445e-06,-2.457376181800859e-07,-2.0886866816877733e-06,-4.323139120234083e-09,-1.416367813656446e-06,-1.4627126131907403e-06,1.7178489601657682e-06
5,HALLMARK_TGF_BETA_SIGNALING,-1.660268667945386e-05,-7.895087617313529e-06,-7.460068868005848e-06,-9.580304476902377e-06,-6.8511848441213385e-06,-4.490831235813911e-06,-5.0237033101425965e-06,-3.0009695899776284e-05,-6.9341201611849285e-06,-2.1107197318513335e-05,-2.8433798225587642e-05,-6.739771811214296e-06,-6.755795368578073e-06,-8.080169189165001e-06,-7.772030874196069e-06,3.98553706868008e-06,1.7853607495936334e-07,-7.8780796847807e-06,-1.2635362156585093e-06,0.00012872062675188187,9.373542522888613e-06,3.857516178415888e-06,7.772047466587267e-06,-2.6607742178567408e-06,3.0380188848151517e-05,2.1483481482808577e-05,-1.649636068521733e-05,-4.4194150263237187e-07,1.7208417050743226e-06,-5.427124795851185e-07,-2.5788241777771745e-06,-7.746074318003239e-07,-1.209793785665516e-06,2.739127911797611e-07,-5.5959853532050116e-08
6,HALLMARK_IL6_JAK_STAT3_SIGNALING,-2.140038497116213e-05,-9.462443958720493e-06,-5.064195672715814e-06,-1.5407506404583465e-05,-1.1127300242286427e-05,-4.954935721347784e-06,-5.924850746436439e-06,-5.3132256416382057e-05,-4.00906330129229e-06,4.176656112029643e-05,-3.755364157907379e-05,0.00019933868524089036,-6.724350066815432e-06,-6.941486885205655e-08,-2.116783938940943e-05,1.0590749491612862e-05,-3.5610522572029207e-06,-1.346202730718657e-06,-2.6486961590272947e-06,7.823666734428636e-08,-4.503142235072564e-06,4.926920745596886e-06,-1.0419177027311006e-06,2.6059712221124243e-07,8.141356495523777e-07,-1.297269576622153e-05,-3.107140639462512e-05,2.6617508458135234e-06,-4.424947001441075e-06,-6.574448339079805e-07,1.6371396629181372e-06,4.11747261394764e-07,-2.1376619901157566e-06,-1.3135008336271942e-06,-6.319626084804082e-07
7,HALLMARK_DNA_REPAIR,-1.858063746508834e-05,2.0964101813243652e-05,3.729357917453893e-05,0.000298997113322653,-5.667669086637656e-07,-6.6764740812345034e-06,-1.5929314342261018e-06,-4.269309343197386e-05,-1.479596334914065e-05,-2.990482485183514e-05,-4.4588077130078285e-05,-3.7362138773495285e-05,-8.634835644688414e-06,-1.0662208527069568e-05,-1.5698464065268605e-05,-8.526479525955855e-06,-3.4000317610243403e-06,-1.526328276602257e-05,-3.111392614653331e-07,-3.563779125648377e-05,-1.578362646477297e-05,-5.6244480282543335e-06,-3.110370980814064e-06,-1.0129529570876514e-05,-1.527956437144106e-05,-1.3154218330397628e-05,1.987083256721131e-05,-2.9854165616248203e-06,-1.1236194252490367e-05,2.5644816826606476e-06,-4.8664326977978026e-06,4.202905944514961e-07,-3.302073053095206e-07,-1.5742171398904956e-06,-9.364388079444543e-07
8,HALLMARK_G2M_CHECKPOINT,-2.0314210882220116e-05,8.526492317109842e-06,-1.0100424254593128e-05,3.899405285520078e-05,-9.138960584322703e-07,-5.92000418349857e-06,1.1470235242950523e-05,-7.347665187108082e-06,-1.4286872058676646e-05,-2.714514627340063e-05,-3.807568878967313e-05,-3.132866381143004e-05,-7.214603753850045e-06,-8.256976302451098e-06,0.00013156989020325378,-2.646888115165856e-06,-3.2689690008559646e-07,-1.3224856119964032e-05,-2.056725869765399e-06,-1.0362940401263676e-05,-1.0291345627100237e-05,-4.065154821354449e-06,-2.537131731706753e-06,-9.285456908156211e-06,-4.0218868172132993e-07,5.275696397438745e-06,2.3353765277215124e-05,-1.89993430192248e-06,8.432304291782801e-07,1.472321117444459e-06,1.8357617763469164e-06,-7.927461199298933e-07,4.657923536960807e-06,7.914307485701268e-07,1.9086985483782767e-07
9,HALLMARK_APOPTOSIS,-2.1472492753981526e-06,-1.0903800554867664e-05,-1.013319026205075e-05,-1.3064489283341404e-05,-9.13968061260189e-06,-4.8513426155819e-07,-7.444843513807527e-06,-5.187533514838458e-05,-5.421821320807617e-06,-1.1486196608062951e-05,-4.0004653219832126e-05,4.248291465112908e-05,-5.829156994467937e-06,-7.878532266231315e-06,-5.758770099856085e-06,0.00010385986093961169,3.594974855494282e-06,-6.196719757216047e-06,-1.1077761096953652e-07,1.6264457282571393e-05,6.097234374214527e-06,2.059187315693123e-06,3.7867636603962926e-06,-3.3122655273588875e-06,7.323157544568588e-06,2.2155300183103466e-06,-2.9643158190871197e-05,-1.6232758954383528e-06,2.0431505666316553e-05,1.47016651869564e-06,1.299136195808423e-05,-7.285584985614415e-07,-1.5636962131403056e-06,7.674746620737398e-07,1.6789567349540576e-06
10,HALLMARK_NOTCH_SIGNALING,-1.145388104117906e-05,-6.901565386207599e-06,-6.933698835634959e-06,-7.135554564842959e-06,-3.972199953874295e-06,2.102768628535305e-06,-3.861533145359426e-06,-7.146665612738079e-07,-3.118900778171542e-06,-7.868927767417863e-06,-2.503918640869157e-05,-5.323497085667553e-06,-1.220321673243291e-07,-5.289325604659022e-06,-7.690591756809653e-06,-3.867849783152112e-06,1.9405341440904746e-06,-2.8991218608050845e-06,-1.6852443991316511e-06,8.455586796001814e-05,2.853786902261811e-06,-3.0250220934742184e-06,-7.742181116724301e-07,-4.9225647235505605e-06,2.7617601430596043e-05,6.196314358804592e-06,-5.116279829568693e-06,-9.98584726023073e-07,-2.7269211609012335e-06,-4.6245130378450103e-07,-2.20673881622677e-06,2.6620960528306835e-07,-1.3166749421973049e-06,-4.862443690752225e-07,4.4195044470029675e-07
11,HALLMARK_ADIPOGENESIS,0.00011833753772097153,-4.094847065594376e-08,1.53322188059489e-05,-8.18375652587508e-06,-6.129185295030738e-06,-2.505645554830814e-06,-2.4731976283453444e-06,-3.6234677636897555e-05,3.951228698615035e-05,-2.0469336234930913e-05,-1.3729678964981978e-05,-1.1036401279135646e-05,-2.787140794616172e-06,1.3862857646670598e-06,-1.147240843477667e-05,-1.7944883591450647e-06,-1.7829112719588026e-06,-3.5944270164217813e-06,-7.116447127893675e-07,-1.6008994514976962e-05,-8.87562754160829e-06,1.123142767303414e-06,-1.0388584036625766e-06,-3.9651978290177955e-06,3.922418733689169e-06,-2.436693043489542e-06,-2.1782488410062098e-05,1.9323149364377764e-06,-3.047761724645978e-06,-3.6518863386075665e-07,4.856570250164711e-07,8.862586883200238e-07,-9.503611844178736e-07,-1.114332982228328e-06,-3.098514669982403e-07
12,HALLMARK_ESTROGEN_RESPONSE_EARLY,7.378477637494385e-06,-2.881551900534539e-06,3.555451720319708e-06,-5.893362526524296e-06,-1.324729293598198e-06,4.135203174503426e-06,-2.005263208550677e-06,-2.5867342459302833e-05,2.5730939033049086e-06,-7.612474828170429e-06,1.0686792018915064e-05,1.2029810089048132e-06,2.917760191261786e-06,-6.579241847021189e-07,-1.0759957659693675e-06,8.141111260296686e-06,-8.964182599087087e-07,-5.656766414226938e-07,-6.120054063915754e-07,1.079634060840301e-05,1.660461646561806e-06,-9.128149722132436e-07,2.752817528995418e-08,-3.505241663958377e-06,-3.927071290102217e-06,1.5986740506827683e-05,-9.952899818659391e-06,2.937121841902076e-07,-2.051457089836343e-06,8.583810086711845e-08,8.678906092085504e-07,1.0742814137392051e-07,-6.987419905666844e-07,-3.2620519887168495e-07,3.914969611945845e-07
13,HALLMARK_ESTROGEN_RESPONSE_LATE,2.1338692366680567e-05,-3.2410598997945073e-06,1.847439450713799e-06,-3.1342135810323232e-06,-1.2728595317427344e-06,2.503667776693804e-06,-1.5448609238990357e-06,-3.0059818930668752e-05,3.4784194723296025e-06,-8.232022096011163e-06,4.04744865555029e-06,1.2750071444586966e-05,-2.2129211297472647e-06,2.6664178795227783e-06,-9.653327570418799e-07,6.598143405081233e-06,-6.370768414097009e-07,-1.3765964273311157e-07,-3.653814713503855e-07,4.39610622705866e-06,2.009586257665976e-06,4.452243494307024e-07,3.2535295443525316e-06,-3.483095215067473e-06,-4.347828779172926e-06,4.482088574974709e-06,-1.4041773510994199e-05,-5.236737788701486e-08,6.847056884646228e-07,-1.6386568194557988e-07,3.387262781030212e-06,-5.423684610607847e-08,-5.006129974803163e-07,8.543866141083514e-08,5.272305857306753e-07
14,HALLMARK_ANDROGEN_RESPONSE,1.7409571571225593e-05,-1.2654651276051282e-06,6.324348264618793e-06,1.4778770862748647e-06,-2.8126911145532132e-06,5.1745335831999105e-06,-5.5320373483058044e-08,-1.9067657003386806e-05,3.4349808467858123e-06,-4.963102154299098e-06,-3.0908863233106154e-06,-6.117374939438799e-06,2.924315082137533e-06,-7.93334663760914e-07,-9.150322324178936e-07,2.663695683292628e-06,7.138847561035094e-07,-1.232462565100255e-06,1.0072845427068055e-06,4.947907990722478e-07,-2.8710452950344266e-06,2.597197600808345e-06,1.892359113266225e-06,-2.5619750615509147e-06,-1.7593074152473867e-06,6.628369238342868e-06,-8.497047893761545e-06,1.0618995447320059e-07,6.986801359253753e-07,1.864816216303822e-07,1.2062782718939326e-06,1.2494094072187803e-07,-7.413087614345634e-07,1.6704204637126507e-06,3.2659466179515767e-08
15,HALLMARK_MYOGENESIS,-5.697173338101505e-06,-3.610197400701065e-06,-3.893061174003835e-06,-1.1770412325970599e-05,-3.4936029286586345e-06,-1.786948036999747e-06,4.246176818985085e-06,-4.530069906927281e-05,-1.6742657757001789e-06,-4.2323776778922795e-06,5.344754748535033e-05,-1.9243790889572968e-05,-2.1005247910804888e-06,-2.594669752226629e-06,1.5272596034024422e-07,1.0751826142641092e-06,-2.034646083854969e-06,-3.5131091653873604e-06,-1.4545260768458398e-06,4.7402870102053116e-05,1.1994985426621793e-05,2.8038320430283847e-05,5.3938975084874725e-06,-3.8981080232960465e-06,-6.831670202921483e-06,-4.901398999517317e-06,-2.4373272482496044e-05,5.665367103434803e-06,-1.5527214336607913e-06,-5.053273373508381e-07,2.1199385609113608e-07,-6.531197931615375e-07,-1.3869121697977337e-06,-8.38443137769014e-07,-1.762554032200774e-07
16,HALLMARK_PROTEIN_SECRETION,-6.453645027725691e-06,-2.4626691717708968e-06,-1.6218952927499197e-06,-8.882462431185345e-06,-3.791413795272737e-06,1.5073199251878881e-06,3.0544754519553144e-06,-2.9234649218893433e-05,2.0345680862184946e-05,-4.712391532279286e-06,-1.3143498016673222e-05,-1.569325645443126e-05,-9.856005745039788e-07,-3.7230249377712132e-06,6.742169469936554e-05,-2.094282970205655e-06,-1.9515676199376338e-06,3.9161466925197955e-05,1.3025503164864434e-05,-1.5013701405199031e-05,-4.514294254517621e-06,-6.823796800845775e-07,1.2712796594203588e-07,-1.551067447727334e-06,3.0012063839931005e-06,-1.0337235534839048e-05,-1.8031183031532588e-05,-1.2110768798707277e-06,-1.1357235369250165e-06,-9.97558764797321e-07,2.0795762860970676e-06,-3.238804492221997e-07,-1.1192304433746154e-06,-3.897550277878758e-07,3.9316709181490674e-07
17,HALLMARK_INTERFERON_ALPHA_RESPONSE,-9.135636572614458e-06,2.8459058386710173e-06,-1.9756059324287784e-06,-8.864035018320629e-07,-2.1238529965680528e-06,-1.7358455887475643e-06,-1.8559022507877963e-06,4.259690959987003e-05,-4.7381958460188806e-06,-1.6591850750806436e-05,-1.805517938387527e-05,7.245011233619758e-05,-5.138292739543127e-06,-4.050197041796308e-06,-8.27152394961006e-06,1.7843825207801423e-06,9.246559507841614e-07,-5.444865770041878e-06,6.231351862840502e-06,-1.4141360469616462e-05,-7.2582567205970415e-06,-2.4713942718889922e-06,-4.64159398269365e-07,-1.3312592798096767e-07,2.6489028625642855e-06,-6.066081307144061e-06,-1.1484556061237827e-05,-1.2891964344659366e-06,-2.6112483162547308e-06,-6.956696184293827e-07,-1.5543653103789173e-06,-3.964952328210612e-07,-5.496370151094688e-07,-1.2594329349300214e-07,-1.9925459333147266e-07
18,HALLMARK_INTERFERON_GAMMA_RESPONSE,-1.6622641432057633e-05,5.577630831687767e-06,-2.927254269454241e-06,-1.2661403527748291e-05,-9.231743796089126e-06,-4.046300918737148e-06,-6.6337640984527255e-06,4.600838911521937e-05,-1.125055810452958e-05,-2.2063579739569836e-05,-3.5922131942870555e-05,0.00018454626938598818,-1.0021933010197128e-05,-8.61415754326543e-06,-1.8987070210581963e-05,1.7666317313926386e-05,8.479022766364353e-07,-1.0875284136867714e-05,3.3756797871680854e-06,-2.8074309761171035e-05,-1.557066582023826e-05,-4.887929822435704e-06,-5.621839993986836e-07,1.4036209287095723e-06,9.20586773001282e-06,-1.155684816306693e-05,-3.0765688563569316e-05,-4.5954535693042186e-07,-3.120459057513042e-06,-1.1925794066425764e-06,1.1998273951776672e-06,-5.92925508370026e-07,-1.8806598481269868e-06,-8.775559045871861e-07,-2.293705192403441e-07
19,HALLMARK_APICAL_JUNCTION,-2.046554671757475e-05,-1.2848661213001218e-05,-5.76709021236476e-06,-1.4770103921464203e-05,-7.871148999041844e-07,-1.5159828367604378e-06,-4.765942185764628e-06,-6.142955569489461e-05,-8.128011349594483e-06,7.339158761970888e-05,-2.0314308199483738e-05,2.86477305919651e-06,4.2665501410890996e-07,-9.250121545214575e-06,-4.478750654973544e-06,-1.5060354596253302e-06,-2.797587981325433e-06,-6.95103430482704e-07,-2.5391824602106474e-06,-1.6786891620547764e-05,3.198734789177423e-05,4.831579830320517e-05,9.15989908212378e-05,4.990544952924655e-06,-8.117248012036449e-06,-1.6587779547214306e-05,-3.135848265677782e-05,-4.7427720726439526e-08,-4.202891964026102e-06,-2.0769254374181567e-07,-1.8930391578258435e-06,-9.573323711391268e-07,-2.1276335938884977e-06,-3.083217567767917e-07,1.2925740670707224e-06
20,HALLMARK_APICAL_SURFACE,-4.759167528860589e-06,-2.2580636022855385e-06,-1.5272396838130267e-06,-3.5761289810115615e-06,-3.177474556343915e-06,3.972689036766536e-06,8.037867218813922e-07,-1.6451275039523067e-05,5.8578869033803355e-06,-2.184165691733464e-06,1.688308903475405e-06,1.4134570157552095e-05,-2.461431498028757e-06,8.338799728909926e-07,-2.8276605880698732e-06,6.57072042114723e-07,1.5525804786557448e-07,3.025648380935997e-06,-5.678394899279139e-07,1.1840661898795263e-06,1.1275396053182264e-05,1.5943007762608298e-06,2.1771863297674957e-08,1.3860360187790272e-06,-1.685772568831359e-06,9.856107438324657e-07,-8.49335525305965e-06,-1.4392263570587455e-07,3.0627115391443013e-06,-2.2566348750405196e-07,-9.987474030273731e-07,-3.110316806053141e-07,-5.834917123743403e-08,8.814804454271969e-08,9.974209324238088e-07
21,HALLMARK_HEDGEHOG_SIGNALING,-9.15698012770444e-06,-3.868277654879744e-06,-3.419668352953875e-06,-5.946893589254404e-06,-9.024109876958064e-07,-3.057460307669471e-06,-2.1743953229915423e-06,-1.8790422564519266e-05,1.3033897298085628e-07,-7.219787815676559e-06,-1.4061978760818161e-05,-6.809709293051358e-07,-4.115788392582403e-06,-1.7753932889845794e-06,-3.720953249581292e-06,-2.602450614218668e-07,-1.8825146129420288e-07,-2.8395974935400276e-07,-1.387337462969724e-06,4.154350658512086e-05,4.475813283980404e-05,3.622266285596221e-06,1.4031641603970543e-06,-5.833234565837467e-07,-4.074083169136253e-06,4.07475283280799e-06,-1.0068137393849999e-05,-1.110621622010669e-06,6.285839484515728e-07,-1.8153361763405176e-08,-3.0793782089966887e-07,-1.3165849409806476e-07,-8.927398154843233e-07,1.7979188675414592e-06,2.6745793773458315e-07
22,HALLMARK_COMPLEMENT,-1.34874726762102e-05,-1.3795920361686642e-05,1.854209379160629e-06,-1.7271243143308565e-05,-1.2276177814964442e-05,-5.159438768877374e-06,-7.817005014268321e-06,-5.469937485932594e-05,1.1557789729397909e-05,3.586376055167255e-05,-3.095493940767982e-05,4.767608721246465e-05,2.918452995086208e-05,-5.891402768683912e-06,-1.4509192936385841e-05,1.5218391940945847e-05,4.417301314385861e-05,-1.3220328211119292e-06,-9.373270158706624e-07,-2.6007296689287487e-05,-3.0484592626715823e-06,1.3633014072439269e-05,2.1262760732050677e-06,5.589639679962153e-05,-8.295955189110277e-06,-1.8301127467119406e-05,-3.7490843715071165e-05,-1.915273212497342e-07,1.3168661483766667e-05,-8.148011567043686e-07,2.638360407797801e-06,-6.8177730218631e-07,-2.218646490207191e-06,-2.658495279028565e-07,2.691094086025136e-06
23,HALLMARK_UNFOLDED_PROTEIN_RESPONSE,-3.7312710642056768e-06,8.237725704169849e-07,-4.9774756581298304e-06,4.058240683845957e-05,3.2516640760928486e-05,-2.8076328099342976e-06,3.163701658094511e-06,-2.579815823806897e-05,-5.33871456333615e-06,-1.0672992332887501e-05,-1.6985191721965304e-05,-1.238869178795711e-05,-5.307940097135956e-06,-3.0618534444613182e-06,5.6491630327755796e-06,6.669810758625199e-05,2.9136399253644387e-06,-5.034121144643043e-06,2.502183280086892e-06,-1.3560955318922194e-05,-6.65158225264615e-06,-1.4255280454400499e-06,-1.0577767262641988e-06,-3.7347656181470346e-06,-8.80533080880111e-06,2.132859236276055e-06,-1.6860997018903687e-05,-1.199638900840341e-06,-4.737926561566939e-06,-9.064335317217603e-08,-7.447916836210086e-07,-2.8580049260025367e-07,-7.791389844533005e-08,-1.0808489923883914e-06,-5.12983955333523e-07
24,HALLMARK_PI3K_AKT_MTOR_SIGNALING,-3.0389503522305905e-05,-1.2012406795634985e-05,3.093966431410612e-06,-1.4158669617079893e-05,-6.5952620506622844e-06,-1.0032453142749115e-05,-1.1879782588195865e-06,-5.7619573277573055e-05,-4.051868216699631e-06,0.0001579736410308799,-5.060270724061705e-05,-1.342418360899926e-05,2.948675051472026e-05,-1.318770711150781e-05,3.0198705766957407e-06,2.4675369327451045e-05,-5.601004954276833e-06,-8.536716918410448e-06,8.379046924595918e-06,-3.1960390147035486e-05,7.937153612931798e-06,-5.894986811185278e-06,3.072778554950666e-06,1.3506978703095064e-06,4.756203723076807e-05,-1.7564084766182216e-05,-3.279198022600356e-05,1.7972566900247553e-06,2.1391654307930698e-05,-6.572578202093996e-07,1.1940701281641696e-06,-1.4276489367851387e-06,-2.542980737594235e-06,8.976110975519224e-06,7.273025565336546e-07
25,HALLMARK_MTORC1_SIGNALING,5.572965727400521e-05,6.780835256910145e-06,9.92400307602611e-06,5.3374555178398175e-08,-2.6354977304904673e-06,-2.0439550072188888e-06,1.3822698084402056e-06,7.945285057870538e-05,6.677497968076568e-06,-2.7822701133354763e-05,-1.6328571608936748e-05,-1.9395232170121846e-05,-7.437531194066493e-06,-5.344936474473497e-06,1.7068400972892334e-07,1.3481080317124996e-05,-5.012801795375305e-07,-8.445056947226602e-06,-6.180719940418857e-07,-2.4141575022756934e-05,-1.1217984674358542e-05,-1.9676396888709553e-06,-6.736879380062283e-07,-3.675984069998091e-06,-5.638294621704287e-06,-7.596262988303348e-06,-1.867166407828677e-05,5.455118834839126e-07,-6.603332497713381e-06,4.153087574949692e-08,-1.2345427029692834e-07,-4.374393677717076e-07,-1.617074394202585e-06,-9.618901199703325e-07,-2.0986920725045758e-07
26,HALLMARK_E2F_TARGETS,-2.1388548337627697e-05,1.7846016144693402e-05,9.749514074683732e-07,0.00014572794775496393,-3.726068474856764e-06,-6.651821463508206e-06,1.969331558743844e-05,-1.715115559657726e-05,-1.5290595879877827e-05,-3.996144804687546e-05,-3.926116930064519e-05,-3.63256626602429e-05,-9.590871324238748e-06,-9.394848311469056e-06,8.802608476475744e-05,-3.468041812783231e-06,-3.2234120430074675e-06,-1.3867508062668631e-05,-3.0917184251380526e-06,-3.3306281277088734e-05,-1.5254227898501855e-05,-4.996285080829553e-06,-2.0050396054489307e-06,-9.011336485756534e-06,-1.32151029510778e-05,-8.052551576741458e-06,4.3909056570229366e-05,-2.929901385966883e-06,-5.754393695999588e-06,3.278624863098877e-06,-3.5434311800842076e-06,-6.066487583878321e-07,2.591222608860303e-06,-4.967919968682107e-08,-7.187133601283625e-07
27,HALLMARK_MYC_TARGETS_V1,-1.5449254698389828e-05,1.768972895415874e-05,-3.6484158366699784e-06,3.6847170691991366e-05,8.526561280683582e-05,-6.274960976585756e-06,5.011164008480486e-06,0.00017277607837129505,-1.498759376791347e-05,-4.081101935482154e-05,-4.2635892765884725e-05,-3.2105093917964705e-05,-9.919185578461612e-06,-8.448263245626128e-06,1.1405379056389497e-05,-5.399138754632465e-06,-2.767033389229189e-06,-1.4407086612296897e-05,-2.22053076792076e-06,-3.793027822946403e-05,-1.784284084680593e-05,-5.071188263632486e-06,-2.384430366690984e-06,-8.537952463037995e-06,-1.6242370952321457e-05,-1.1444297670607124e-05,-1.1511575261266213e-05,-2.8565799892552187e-06,-1.1122140791535676e-05,-5.268592759631965e-07,-6.039061322486152e-07,-1.02051321227304e-06,-4.1333444315112215e-07,-1.8236160213770832e-06,-3.604037202406318e-07
28,HALLMARK_MYC_TARGETS_V2,4.607592379943931e-07,1.569416898562423e-06,3.502350878073837e-07,5.173269489842577e-06,2.4920972004483302e-05,-1.3495966785900988e-06,2.5390389498925435e-06,-7.856655161921772e-06,-1.967041492216201e-06,-5.461467581256707e-06,-3.8765605417760696e-06,-4.459257971135833e-06,-1.5537144182516116e-06,-1.3312940088001934e-06,5.353353227804253e-06,-1.6803673340455572e-07,-7.045516644715085e-07,-2.5395319861662435e-06,-1.0814202090715305e-07,-4.6443792623366426e-06,-2.726364110092541e-06,-8.26046069488497e-07,-5.880992383526041e-07,-9.025362757786662e-07,-2.375363235813596e-06,2.3818299221189596e-06,-2.1604629099804956e-06,-2.3120857492664936e-07,-1.6055110596156427e-06,2.7716786285721107e-07,1.2486045803522788e-07,-2.1005780761297133e-07,4.33127844243382e-06,3.9552913731419077e-07,-2.2395428709307344e-07
29,HALLMARK_EPITHELIAL_MESENCHYMAL_TRANSITION,-1.609797087537626e-05,-1.2126824666512485e-05,-1.1011631517968135e-05,-1.4715965558579486e-05,-3.848799776430718e-06,1.3128352654778914e-05,-5.6348309096744195e-06,-6.254572553962556e-05,-3.6279695989150165e-06,-1.0537907856111167e-05,-3.070828419356186e-05,2.0032667760279052e-05,-8.647704349020596e-06,-7.488939297200722e-06,-1.6598668049318602e-05,-2.7367434431973398e-06,2.2282169612685646e-06,-7.778897591488067e-06,-2.5921089861483853e-06,5.18876514425011e-05,2.1176976180637113e-05,0.00017083357501893374,9.424767713982294e-06,3.9533045363927474e-06,-1.800466571995167e-05,-1.2025106222181801e-05,-3.602092009752193e-05,-2.1998385648988182e-06,-2.6614990725724874e-07,-9.136765922287591e-07,-1.725076614612713e-06,-9.387510414091008e-07,-2.09471345620721e-06,-1.499349349268664e-06,-6.84256124365161e-08
30,HALLMARK_INFLAMMATORY_RESPONSE,-2.422161984944396e-05,-1.3666521790143063e-05,-1.2180607514406493e-05,-1.859688169781725e-05,-1.1920445424877003e-05,-4.653863420568411e-06,-4.7850730829587275e-06,-5.688473701752003e-05,1.6511239215250342e-06,-1.3075441810953686e-05,5.492703499417745e-06,0.00018681268290235767,7.260375438529476e-07,4.46800217178845e-05,-2.4000580387707228e-05,1.5800724644369525e-06,-3.729395576579581e-06,2.11987797922239e-06,-3.1826097575158663e-06,-1.3360821236686748e-05,-4.243715080999751e-06,2.509041307105454e-06,-1.653897214196065e-06,6.864297542892757e-06,6.948092464044778e-06,-1.2329964910306329e-05,-3.9716466820003196e-05,4.4097652998918496e-07,1.6612076959069376e-06,-1.1251534407310279e-06,5.427864269382638e-06,-7.451634426878444e-07,-2.408135273233988e-06,2.720315457883883e-07,-4.3793448414799086e-07
31,HALLMARK_XENOBIOTIC_METABOLISM,0.00017250069435539687,-4.498274408981998e-06,1.3493965272544893e-05,-9.268780208873846e-06,-5.590403400371896e-06,-1.4825911250127867e-06,-2.438789607934165e-06,-4.0656583655380996e-05,1.721166926896972e-05,-2.8726166716860554e-05,-3.423047797289358e-06,-1.2378872747928135e-05,-6.163853997196746e-06,-5.022256920532084e-06,-1.2676817017858409e-05,-2.253910351174889e-06,1.1930142233438842e-07,-7.688177349841896e-06,-1.0453734523031269e-06,-1.1736950859445039e-05,-9.970890068124443e-06,9.511730541861187e-07,9.167991551050497e-07,3.931669889029217e-06,-1.2964829610921484e-05,-6.649696697383009e-06,-2.4107497610033682e-05,4.1439576656650485e-07,-4.419291370376041e-06,-9.765173627883784e-07,7.655389071101258e-06,-4.178117934380333e-07,-7.674957755747155e-07,-1.044984417631679e-06,-7.248353098545583e-07
32,HALLMARK_FATTY_ACID_METABOLISM,0.00024474958957348796,-3.702511919918307e-06,2.163336744534332e-05,-3.982121250018303e-06,-6.513323411728479e-06,-3.870679167016031e-06,-3.941748554240655e-06,-4.0502355709449295e-05,1.8939855908469035e-05,-3.08412201131085e-05,-2.3245182541705572e-05,-2.2470300631800832e-05,-7.153633472872442e-06,-3.859628899527227e-06,-1.3170368881248312e-05,-5.6292776920139655e-06,-2.0194636153533785e-06,-9.954495122246106e-06,-1.9214305983658803e-06,-2.3513544774454026e-05,-1.0970620290442611e-05,-3.7350031386594075e-06,-6.010589507120722e-07,-6.57182688215208e-06,-1.3133259897648783e-05,-8.988185160403207e-06,-2.4703351342770033e-05,-1.661514501507394e-06,-7.323861971295174e-06,1.4408380730608324e-07,-9.301199117383143e-07,1.5538510047068653e-06,-5.22570044903946e-07,-1.0377846837385696e-06,-4.510710183856163e-07
33,HALLMARK_OXIDATIVE_PHOSPHORYLATION,0.0003475777539757186,-1.035497093255025e-05,1.8708762925517125e-06,-9.771496697097079e-06,-5.832980533673239e-06,-7.011982048455486e-06,5.157503033747027e-05,-6.537693771162603e-05,-1.1667608852430206e-05,-4.563228462858143e-05,2.208256068491482e-05,-3.6410242076899066e-05,-1.284572065171196e-05,-8.89133180844489e-06,-1.7858071260439326e-05,6.971405707282587e-07,-4.732865172586264e-06,-1.5723888367249594e-05,-2.027259952361543e-06,-3.841653216101783e-05,-1.6708858671612373e-05,-6.661121965028825e-06,-4.002187539943773e-06,-9.738666951087261e-06,-2.014750461526004e-05,-1.4644459733411351e-05,-3.75450353321434e-05,-2.098625006590393e-06,-1.0227882292068637e-05,-1.9473122021075096e-06,-3.3396256868341474e-06,5.120136877526842e-08,-1.6466297122563018e-06,-1.6371150538424008e-06,-7.203630748958657e-07
34,HALLMARK_GLYCOLYSIS,6.644071096185283e-05,3.889872401581507e-05,1.939948590829431e-06,-7.55592810530812e-06,-4.150193769934633e-06,9.523139311062119e-05,-3.2623899480950513e-06,-4.1742171779515086e-05,-4.1230915850745675e-06,-1.8069926234444075e-05,-1.8090844819351748e-05,-1.9165668644861508e-05,-6.899142219186829e-06,-5.1719302828759015e-06,-4.3855426829263536e-06,-1.3088830391038558e-06,-2.295916183310239e-06,-9.273711172852993e-06,-1.0699834311313694e-06,-1.126786141567547e-05,-8.194528995248643e-06,6.2888106962632855e-06,2.1245179447309907e-06,-4.720206841637292e-06,-6.451853409120481e-06,-1.1848927692291109e-05,-2.4846778912788678e-05,9.529436352133337e-06,-6.69969288774044e-06,-9.782427830603148e-07,3.0428353500115777e-06,-5.9518851097889805e-08,-1.3210274660890647e-06,2.2034082950922267e-07,-6.639197387992983e-07
35,HALLMARK_REACTIVE_OXYGEN_SPECIES_PATHWAY,6.691408933420968e-05,4.7177070730715365e-07,-6.675430289093676e-08,5.962003961339918e-07,-2.9723339753651157e-06,-2.349317903574573e-06,1.034811854119539e-06,-1.9104032590221143e-05,-1.424142094546936e-06,-1.2904676795603282e-05,-5.551046995722758e-06,-2.9081132018483197e-06,-3.5146216480759322e-06,-1.8966276730831427e-06,-6.00899962321759e-06,3.7687467459700946e-06,-1.0369763698071018e-06,-2.8698094520626313e-06,-4.608281505864972e-07,-7.0316016100649414e-06,-3.505298291532101e-06,-5.410914106938544e-07,1.5053553015137488e-06,-2.173917510199172e-06,-4.767415311079937e-06,6.37656841454004e-07,-5.4231814153576224e-06,3.6597852553506933e-07,-1.0677888211013155e-06,8.579934841757269e-09,1.3708467357962197e-05,-3.2338287289445733e-07,-7.252974846134715e-07,-2.0952210201329946e-08,-3.447764288325454e-07
36,HALLMARK_P53_PATHWAY,-1.3554905652565785e-06,-3.9744532096533045e-06,-1.454200964305652e-06,5.102084605306152e-06,-1.3286030327522985e-06,-2.208451603267006e-07,-1.9863205251891176e-06,-3.449937716866816e-05,-4.647552711510225e-06,3.9800043180032024e-06,-1.948980411346085e-05,-6.280756894272085e-06,-6.516423391698684e-06,-4.210617602714781e-06,1.452774584517931e-06,3.5435649176900064e-05,-8.437186251218035e-07,-1.8101303328886716e-06,2.092034547341746e-06,1.9240868214621953e-05,-2.02532384799628e-06,-8.175237234538894e-07,1.3884780947385567e-06,-3.866889557623682e-06,2.6219634820523474e-06,1.4884240422113372e-05,-1.2314605795251884e-05,-8.911094985826614e-07,1.3470325715466552e-05,3.296158695417881e-06,5.926531783087357e-06,-6.717557453476985e-07,-4.6336143688402876e-07,4.480918662447882e-07,4.283117907791928e-07
37,HALLMARK_UV_RESPONSE_UP,1.4637549672133834e-05,1.57979203556282e-06,-3.842352772114033e-06,9.572131879475448e-06,-2.554795613781552e-06,-1.1441543147075114e-07,2.5524348883513084e-06,-2.391290211864114e-05,2.5915059209766916e-06,-9.951416592862e-06,-2.7183616962203616e-06,8.58179049167615e-06,-4.1128645463135716e-07,5.856140831072762e-07,-1.6606350576597873e-07,2.108044629231358e-05,-2.1319613592173277e-07,-3.4265342763605162e-06,-6.961636221708336e-07,-1.3792876205412363e-07,1.0046809090875561e-07,2.441068709463194e-06,1.932364363573663e-08,-3.3975484320099107e-06,-3.89004303072947e-06,2.7141573151912707e-07,-1.3975084859740167e-05,-4.940748134691936e-07,1.490207359301863e-06,-3.629151134233602e-07,4.415010627165398e-06,2.59477254902548e-07,-5.332897956221135e-07,8.250438204257559e-07,-1.2883276395936295e-07
38,HALLMARK_UV_RESPONSE_DN,-1.4087074820970033e-05,-9.61656717810705e-06,4.656065840669306e-06,-1.0502715338619843e-05,-5.790187650927224e-06,-3.7068747180046477e-06,-1.3739486572736555e-06,-4.816557477385283e-05,9.296168652188352e-06,2.2863457824108188e-05,-7.1575870717703605e-06,-9.444571003063354e-06,2.073157247624649e-06,-1.1010269338499953e-06,-7.307175459314412e-06,-7.596764833701052e-07,-2.57830157160085e-06,-5.1264544162219275e-06,-2.26904672238589e-06,4.12610678880241e-05,1.8784536924592015e-05,2.731484828699367e-05,4.3373805561098275e-06,2.485282580258659e-07,-3.5867363539212813e-06,1.7463473595864462e-05,-2.844789859559986e-05,4.655155303638441e-07,2.5075842687975226e-06,-8.845923895212668e-08,1.8093409846679873e-06,-7.100508736034646e-07,-7.846257300149874e-07,7.318198919266367e-06,2.354607321697691e-06
39,HALLMARK_ANGIOGENESIS,-8.150952840978165e-06,-4.383372927860632e-06,-4.0530627098880195e-06,-6.812215361873437e-06,-3.191788114119583e-06,4.128763639178745e-06,-3.2815580756672194e-06,-2.412214705627136e-05,7.880721272142746e-06,5.086875573224667e-06,-1.142500880244729e-05,1.3595716330324845e-05,-3.2893965498052152e-06,-2.763895923351377e-06,-7.445410939107416e-06,-6.468706074650062e-07,-1.6185948558255104e-06,-1.483903739936225e-06,-1.4595708887985698e-06,1.742253377217881e-05,1.5618146793715e-05,3.2012983901793905e-05,7.791561358232515e-07,8.523783079239337e-06,-1.9163610166864076e-06,-6.08418585116427e-06,-1.4238703259060112e-05,-3.5329476365340146e-07,3.0278530982474905e-06,-7.179926907563785e-07,-1.1331349533824035e-06,-1.5972390126186078e-07,-9.556711243228566e-07,1.519884678367222e-06,1.2282134160846456e-07
40,HALLMARK_HEME_METABOLISM,4.3814668820444866e-05,-2.4448508859249707e-06,7.791936011024812e-06,-3.1555655463921806e-06,-2.4501106989016294e-06,-1.0220565915875814e-06,-5.278685444084358e-07,-1.5160953303013092e-05,-1.886635499952563e-06,-1.2834198083910148e-05,2.0337570804655758e-05,-6.470977803185382e-06,-2.2334719241988606e-06,-8.874845276608118e-07,-1.7166652208850178e-06,2.2356888300942637e-06,1.6474770217090456e-06,-1.4637833966389506e-06,1.6223522040277214e-06,-7.880930530428792e-06,-2.1724689011066826e-06,-6.480682013241569e-07,-2.9073250678625113e-07,-2.066332399196496e-06,-3.601417863139701e-06,1.909935647427183e-06,-9.472916740877607e-06,2.3511073920980813e-07,-2.8376664258154653e-06,-3.8489818303080086e-07,3.2074317122064277e-06,2.8990247246242582e-08,-5.733480175621657e-07,-6.309172725210677e-07,1.1259908707861245e-08
41,HALLMARK_COAGULATION,-7.907012829591262e-06,-1.0426769112633835e-05,-7.112297158165352e-06,-1.2761615384620888e-05,-8.874171014151486e-06,-2.9609255024990594e-06,-4.1602157430948444e-06,-4.9559307992601276e-05,2.826656123758233e-05,-8.67676380317435e-06,-3.003400384163704e-05,6.915627022744189e-06,7.76694870094569e-06,-4.540939914169859e-06,-1.1861304703504778e-05,-7.376536114095736e-08,5.475024221431751e-05,-3.440843744978786e-06,-2.4240689740195323e-06,-1.175270810727276e-05,5.869646822549441e-06,3.79195295804565e-05,1.7948333154780942e-06,8.56923306897378e-05,-1.3747476202873726e-05,-1.520246926612484e-05,-2.640515153331212e-05,-8.302538968700578e-07,6.39835310358881e-06,-1.5743194224484614e-06,2.8781485445034073e-06,-5.370051701263155e-07,-1.6750188726107496e-06,-1.1996680159330562e-06,-3.8656757147676184e-07
42,HALLMARK_IL2_STAT5_SIGNALING,1.8938038770111715e-06,-4.590573043116927e-06,1.2274616150729015e-06,-7.672241533913764e-06,-3.99811767922819e-06,-3.114070171593604e-07,-3.787544884298593e-06,-3.15704423553588e-05,1.6052263317372154e-06,-7.448362127607591e-06,-1.1071604956992137e-05,5.9573401792665376e-05,-4.762226055702971e-06,1.4758520153089136e-06,-6.753938094609772e-06,1.2148820404117057e-05,-1.1146764390230438e-06,-1.8128909152863304e-06,-1.7095145055784616e-07,8.638912421672987e-06,2.882168691398148e-06,1.220731149932674e-05,-2.478212528915242e-07,-1.1320316128811923e-06,-6.169234166938757e-06,4.443724930611875e-06,-1.7706295381463358e-05,4.946805060925289e-07,3.31085069084228e-06,-4.0117287828387097e-07,5.338851220723596e-07,-4.4335611067586886e-07,1.4835454901476666e-07,8.645044453715119e-07,-2.2091785157887453e-07
43,HALLMARK_BILE_ACID_METABOLISM,0.0001623351187216085,-4.132452070299171e-06,8.53235858545593e-06,-9.39098008841989e-06,-3.3150534945562693e-06,-4.171983738947803e-06,8.959908554868716e-06,-3.550666402323335e-05,4.563060969501719e-05,-2.4778661518851455e-05,3.5564292271937636e-06,-2.1261787024901696e-05,-6.8667394321720795e-06,-5.693362404538861e-06,-1.1983996652436928e-05,-6.5597194004981055e-06,-2.470501576730096e-06,-7.721465826739625e-06,-2.081464324168547e-06,-1.5834929151394006e-05,-9.830297191044945e-06,-3.5359762656603667e-06,-1.1168794859989012e-06,-6.383499564248472e-06,-1.2274868678741405e-05,1.3952095125812844e-06,-2.1802782132325504e-05,-1.013964716048703e-06,-7.461636075613894e-06,-6.634579751144598e-07,-2.375200301147078e-06,-1.0011771550488087e-07,-8.354569169062489e-07,-9.764184640036276e-07,-1.9059767462261258e-07
44,HALLMARK_PEROXISOME,0.0001279181937437826,-4.249121783366817e-06,1.1433543290343198e-05,1.9336565441584186e-06,-1.8544147070836958e-06,-8.909440666806517e-07,9.769689249939425e-06,-3.391364739824612e-05,1.6879218596825563e-05,-1.0816875155677391e-05,2.3763394401375704e-06,-1.730109731734597e-05,-5.300235494489977e-06,-2.6336905225195217e-06,-1.0465979574499941e-05,-1.8762466945116546e-06,-1.6586968754200848e-06,-7.090535425272222e-06,-1.0604153451491093e-08,-1.8131103760608835e-05,-5.492421056628102e-06,-3.5542545177564937e-06,1.4691595620744185e-06,-5.15021522943214e-06,-1.0830651607420666e-05,-3.981561147153173e-06,-1.7265772211987745e-05,-1.346973140687875e-06,-6.219737432503966e-06,5.375593895186456e-07,-1.5519706853125374e-07,-1.5572090162257806e-07,-1.1588172208319312e-06,-9.479293871707413e-07,1.9795470892137372e-07
45,HALLMARK_ALLOGRAFT_REJECTION,-3.486241117924872e-05,-1.569948918778586e-05,-1.732501859203709e-05,-2.4243723292209293e-05,-4.3713254091757095e-06,-9.211040938580072e-06,-1.0518529928531337e-05,-5.87193188977958e-05,-1.203421015970145e-05,-1.8558945709679087e-06,-5.494841564868819e-05,0.0003854806476422442,-1.1084072435877789e-05,-4.6509720801109905e-06,-3.0467766155023272e-05,5.236915407114736e-06,-4.959960727754422e-06,1.0619240634599826e-06,-3.937251461044343e-06,-2.2692013248337695e-05,-1.2827406166598162e-05,-1.243081604270814e-07,1.7059944572667086e-06,1.2811808675330418e-05,-4.74443699494554e-06,-2.220320630320384e-05,-4.813295723119122e-05,-1.8246866565144052e-06,3.1765262521695793e-06,-1.9775013932715854e-06,6.5970796761276795e-06,-1.369857912406785e-06,-3.124133571317817e-06,2.046078499003481e-06,2.6251374899617674e-07
46,HALLMARK_SPERMATOGENESIS,6.869535231429982e-06,3.2343547114021404e-06,2.636353531370282e-06,4.0720398742383895e-06,-2.8087608094440678e-06,1.434746788372271e-07,3.10181962848979e-06,-1.4509544333393687e-05,-1.3595325998082622e-06,-6.416276786934058e-06,-3.1920960209472216e-06,-6.541514431692222e-06,1.9206599355444526e-06,4.426209865679605e-06,1.98554948328232e-05,1.6653265197952294e-06,3.3776572404102534e-06,-2.8821121890150805e-07,3.5671674956906044e-07,-5.381449279277459e-06,-2.1991714018185574e-06,-1.5137174637692465e-06,-1.3591827713278423e-07,-2.631409871390201e-06,-5.64664246274077e-07,-8.658605222151838e-07,-6.010951846033286e-06,1.55773067204133e-06,-2.261597464988871e-08,-2.4817808303307645e-07,-4.417301025742143e-08,2.635942422359516e-08,2.9802872401202274e-07,1.261173478545643e-06,-4.74158550554097e-08
47,HALLMARK_KRAS_SIGNALING_UP,1.7751049744430675e-06,-5.6796929902508744e-06,-4.388121760302496e-06,-9.09328695638395e-06,-3.5031548486375713e-06,-1.0364834082759143e-06,-3.1506668470748962e-06,-2.942898259658197e-05,1.949729933553926e-07,9.766506439655431e-06,-1.3744039406259068e-05,3.6325516399763474e-05,-1.4176211097453179e-07,-1.1948719861676685e-06,-1.079580190846332e-05,2.4223350142417964e-06,6.064738653545516e-06,3.939834175794091e-06,-1.4240840856676604e-06,1.920258105504724e-05,7.790889844203671e-06,6.1006873361862165e-06,1.2354396227941527e-06,4.6840536542191134e-06,-4.3223908830630764e-08,-2.277437828115958e-06,-1.8502036515453957e-05,-7.234545983055051e-08,4.768042457826797e-06,-6.722575997694874e-07,1.7842937494669253e-06,-8.146443821621272e-08,-1.0623579796692614e-06,4.845215318941725e-07,-1.8032563973803604e-07
48,HALLMARK_KRAS_SIGNALING_DN,7.541115486342509e-06,-4.1533147826797526e-06,-1.8562324518162088e-06,-4.443804546062392e-06,-6.473675923882732e-08,-2.6758646506398753e-07,7.14145060752222e-08,-2.4418951177704318e-05,-2.3428532559040954e-06,7.366475886280005e-07,3.1952413388474515e-05,5.673174788852972e-06,-8.436826333920247e-07,1.8909246403451575e-05,-4.719710927570536e-06,-1.234684335971268e-06,-7.418879526530954e-08,3.6550801317319567e-06,-6.429767591541614e-07,7.99513694438661e-07,-2.4493288684939232e-06,8.427347516735961e-07,1.299652171246439e-06,-1.3594131752455753e-06,-5.638681675535981e-06,-7.466662791718454e-07,-1.2726571876318232e-05,-6.372262497252273e-07,-1.8564143967119903e-06,1.4045506315174755e-07,-1.2243710498856687e-07,-1.762957270790076e-07,-3.9877363495685603e-07,-2.6571357249265083e-07,-1.4695956238797083e-07
49,HALLMARK_PANCREAS_BETA_CELLS,-4.182387251829706e-06,2.1889890800290066e-06,-3.8461038119825056e-06,-5.314466944772098e-06,2.5719646825411377e-06,-2.198860812099683e-06,-1.4639636542281877e-06,-1.8127985780738015e-05,-1.6130680964565602e-06,-3.0528157324884175e-06,-7.923525211006588e-06,-5.4884668616739934e-06,4.36496101179594e-07,-1.2008634486058295e-06,-6.200901484411901e-06,2.9823639471778483e-06,1.0979492126152266e-05,1.1950422182875186e-05,-1.2257204007105373e-06,9.707030729014243e-07,5.1571154880861e-06,-1.6758835135841522e-06,-2.057235502327245e-07,-2.4234679226633853e-06,-4.935653667562968e-06,4.342068374263864e-05,-1.0645022219360131e-05,4.536359597760557e-06,-2.6654593127395376e-06,-5.547152970321041e-07,8.822690556019178e-07,-3.352031164336822e-07,-2.760925374644622e-07,-4.3477593219461174e-07,-6.566937461477157e-08
